0,1,copy,fasta,binEdges,RgHist,RgStart,RgEnd,RMSF,negative
0,0,0,MGTESGDPEEEELEEEEELVDPLETTVREQCEQLDEKCVKARERLEELCDERVSSRQSHTEEDCTEEKLFDFLHARDHMCVAHKLFNNLLK,[10. 11. 12. ... 18. 19. 20.],13.0,17.629679838686425,13.458849863311956,6.301747363534267,0.24175824175824176
1,1,1,MGTESGDPEEEELEEEEELVDPLETTVREQCEQLDEKCVKARERLEELCDERVSSRQSHTEEDCTEEKLFDFLHARDHMCVAHKLFNNLLK,[10. 11. 12. ... 18. 19. 20.],12.0,17.672290776470067,12.47642832892017,5.4125548072335326,0.24175824175824176
2,2,2,MGTESGDPEEEELEEEEELVDPLETTVREQCEQLDEKCVKARERLEELCDERVSSRQSHTEEDCTEEKLFDFLHARDHMCVAHKLFNNLLK,[10. 11. 12. ... 18. 19. 20.],13.0,17.60614645516405,14.193895533801427,5.673625873708863,0.24175824175824176
3,3,3,MGTESGDPEEEELEEEEELVDPLETTVREQCEQLDEKCVKARERLEELCDERVSSRQSHTEEDCTEEKLFDFLHARDHMCVAHKLFNNLLK,[10. 11. 12. ... 18. 19. 20.],13.0,17.62175783321398,13.790629468275242,3.9420183608310384,0.24175824175824176
4,4,4,MGTESGDPEEEELEEEEELVDPLETTVREQCEQLDEKCVKARERLEELCDERVSSRQSHTEEDCTEEKLFDFLHARDHMCVAHKLFNNLLK,[10. 11. 12. ... 18. 19. 20.],14.0,17.652820368264674,15.384474397744418,5.6770539626306675,0.24175824175824176
5,5,5,MGTESGDPEEEELEEEEELVDPLETTVREQCEQLDEKCVKARERLEELCDERVSSRQSHTEEDCTEEKLFDFLHARDHMCVAHKLFNNLLK,[10. 11. 12. ... 18. 19. 20.],13.0,17.741663233826735,14.470545534863605,6.086380347916572,0.24175824175824176
6,6,6,MGTESGDPEEEELEEEEELVDPLETTVREQCEQLDEKCVKARERLEELCDERVSSRQSHTEEDCTEEKLFDFLHARDHMCVAHKLFNNLLK,[10. 11. 12. ... 18. 19. 20.],13.0,17.774636051025,13.866620528657856,5.126629430834312,0.24175824175824176
7,7,7,MGTESGDPEEEELEEEEELVDPLETTVREQCEQLDEKCVKARERLEELCDERVSSRQSHTEEDCTEEKLFDFLHARDHMCVAHKLFNNLLK,[10. 11. 12. ... 18. 19. 20.],14.0,17.703408429801023,15.12190713126941,4.502319237692787,0.24175824175824176
8,8,8,MGTESGDPEEEELEEEEELVDPLETTVREQCEQLDEKCVKARERLEELCDERVSSRQSHTEEDCTEEKLFDFLHARDHMCVAHKLFNNLLK,[10. 11. 12. ... 18. 19. 20.],13.0,17.6187511648405,14.252582123824208,4.795520092937712,0.24175824175824176
9,9,9,MGTESGDPEEEELEEEEELVDPLETTVREQCEQLDEKCVKARERLEELCDERVSSRQSHTEEDCTEEKLFDFLHARDHMCVAHKLFNNLLK,[10. 11. 12. ... 18. 19. 20.],13.0,17.687858323587015,13.395950893576147,5.77398668340369,0.24175824175824176
10,10,10,MGTESGDPEEEELEEEEELVDPLETTVREQCEQLDEKCVKARERLEELCDERVSSRQSHTEEDCTEEKLFDFLHARDHMCVAHKLFNNLLK,[10. 11. 12. ... 18. 19. 20.],14.0,17.72566868168093,14.500778293787393,4.641719117909079,0.24175824175824176
11,11,11,MGTESGDPEEEELEEEEELVDPLETTVREQCEQLDEKCVKARERLEELCDERVSSRQSHTEEDCTEEKLFDFLHARDHMCVAHKLFNNLLK,[10. 11. 12. ... 18. 19. 20.],13.0,17.68831052648736,13.125841438150331,5.364745753596368,0.24175824175824176
12,12,12,MGTESGDPEEEELEEEEELVDPLETTVREQCEQLDEKCVKARERLEELCDERVSSRQSHTEEDCTEEKLFDFLHARDHMCVAHKLFNNLLK,[10. 11. 12. ... 18. 19. 20.],14.0,17.609502539767227,14.487820858910364,4.593251530494761,0.24175824175824176
13,13,13,MGTESGDPEEEELEEEEELVDPLETTVREQCEQLDEKCVKARERLEELCDERVSSRQSHTEEDCTEEKLFDFLHARDHMCVAHKLFNNLLK,[10. 11. 12. ... 18. 19. 20.],14.0,17.657949361946088,14.004426056838332,3.639960942177293,0.24175824175824176
14,14,14,MGTESGDPEEEELEEEEELVDPLETTVREQCEQLDEKCVKARERLEELCDERVSSRQSHTEEDCTEEKLFDFLHARDHMCVAHKLFNNLLK,[10. 11. 12. ... 18. 19. 20.],13.0,17.72979235516202,13.000565335750313,5.202273149620766,0.24175824175824176
15,15,15,MGTESGDPEEEELEEEEELVDPLETTVREQCEQLDEKCVKARERLEELCDERVSSRQSHTEEDCTEEKLFDFLHARDHMCVAHKLFNNLLK,[10. 11. 12. ... 18. 19. 20.],13.0,17.610301254478934,13.569950615239156,4.056084841325301,0.24175824175824176
16,16,16,MGTESGDPEEEELEEEEELVDPLETTVREQCEQLDEKCVKARERLEELCDERVSSRQSHTEEDCTEEKLFDFLHARDHMCVAHKLFNNLLK,[10. 11. 12. ... 18. 19. 20.],14.0,17.682515136007744,13.919281486357741,4.740726468914191,0.24175824175824176
17,17,17,MGTESGDPEEEELEEEEELVDPLETTVREQCEQLDEKCVKARERLEELCDERVSSRQSHTEEDCTEEKLFDFLHARDHMCVAHKLFNNLLK,[10. 11. 12. ... 18. 19. 20.],13.0,17.668036736029098,13.310208500560732,5.009678564252615,0.24175824175824176
18,18,18,MGTESGDPEEEELEEEEELVDPLETTVREQCEQLDEKCVKARERLEELCDERVSSRQSHTEEDCTEEKLFDFLHARDHMCVAHKLFNNLLK,[10. 11. 12. ... 18. 19. 20.],13.0,17.740362758049187,13.343494021899927,4.697877675647992,0.24175824175824176
19,19,19,MGTESGDPEEEELEEEEELVDPLETTVREQCEQLDEKCVKARERLEELCDERVSSRQSHTEEDCTEEKLFDFLHARDHMCVAHKLFNNLLK,[10. 11. 12. ... 18. 19. 20.],14.0,17.62364993984602,14.766724687163078,5.145767126432887,0.24175824175824176
20,20,20,MGTESGDPEEEELEEEEELVDPLETTVREQCEQLDEKCVKARERLEELCDERVSSRQSHTEEDCTEEKLFDFLHARDHMCVAHKLFNNLLK,[10. 11. 12. ... 18. 19. 20.],13.0,17.630784214115536,14.557589040991758,5.21403979732306,0.24175824175824176
21,21,21,MGTESGDPEEEELEEEEELVDPLETTVREQCEQLDEKCVKARERLEELCDERVSSRQSHTEEDCTEEKLFDFLHARDHMCVAHKLFNNLLK,[10. 11. 12. ... 18. 19. 20.],13.0,17.66810766544058,14.011329292549656,5.260164703371786,0.24175824175824176
22,22,22,MGTESGDPEEEELEEEEELVDPLETTVREQCEQLDEKCVKARERLEELCDERVSSRQSHTEEDCTEEKLFDFLHARDHMCVAHKLFNNLLK,[10. 11. 12. ... 18. 19. 20.],13.0,17.64085572490159,14.610980952210028,5.435700774700649,0.24175824175824176
23,23,23,MGTESGDPEEEELEEEEELVDPLETTVREQCEQLDEKCVKARERLEELCDERVSSRQSHTEEDCTEEKLFDFLHARDHMCVAHKLFNNLLK,[10. 11. 12. ... 18. 19. 20.],14.0,17.88173500172438,13.676366618081332,4.820104471608567,0.24175824175824176
24,24,24,MGTESGDPEEEELEEEEELVDPLETTVREQCEQLDEKCVKARERLEELCDERVSSRQSHTEEDCTEEKLFDFLHARDHMCVAHKLFNNLLK,[10. 11. 12. ... 18. 19. 20.],13.0,17.799836667059125,13.34064606632358,6.513627490001122,0.24175824175824176
25,25,25,MGTESGDPEEEELEEEEELVDPLETTVREQCEQLDEKCVKARERLEELCDERVSSRQSHTEEDCTEEKLFDFLHARDHMCVAHKLFNNLLK,[10. 11. 12. ... 18. 19. 20.],13.0,17.708326293460782,13.860769134075445,4.9392635694305005,0.24175824175824176
26,26,26,MGTESGDPEEEELEEEEELVDPLETTVREQCEQLDEKCVKARERLEELCDERVSSRQSHTEEDCTEEKLFDFLHARDHMCVAHKLFNNLLK,[10. 11. 12. ... 18. 19. 20.],13.0,17.64586712395339,13.726497876249125,9.08859718990751,0.24175824175824176
27,27,27,MGTESGDPEEEELEEEEELVDPLETTVREQCEQLDEKCVKARERLEELCDERVSSRQSHTEEDCTEEKLFDFLHARDHMCVAHKLFNNLLK,[10. 11. 12. ... 18. 19. 20.],13.0,17.561409988166446,13.928978146746015,4.282424946848844,0.24175824175824176
28,28,28,MGTESGDPEEEELEEEEELVDPLETTVREQCEQLDEKCVKARERLEELCDERVSSRQSHTEEDCTEEKLFDFLHARDHMCVAHKLFNNLLK,[10. 11. 12. ... 18. 19. 20.],13.0,17.65189404278519,13.438989758929546,6.068056234697624,0.24175824175824176
29,29,29,MGTESGDPEEEELEEEEELVDPLETTVREQCEQLDEKCVKARERLEELCDERVSSRQSHTEEDCTEEKLFDFLHARDHMCVAHKLFNNLLK,[10. 11. 12. ... 18. 19. 20.],13.0,17.692981454124844,13.714118656853636,4.1890152793613336,0.24175824175824176
